id_employe,first_name,last_name
e1,Kit,de Savery
e2,Chic,Ayllett
e3,Danell,Dawber
e4,Tanhya,Scipsey
e5,Heidie,Chestle
e6,Bruce,Gudgeon
e7,Marget,Fullalove
e8,Norrie,Skudder
e9,Ralf,Dadley
e10,Jeanna,Parradice
e11,Robin,Buffery
e12,Jessa,Pluthero
e13,Lilly,Deller
e14,Ava,Costelow
e15,Ross,Ducker
e16,Algernon,Payle
e17,Asher,Currin
e18,Amelia,Stubbin
e19,Hendrik,Riply
e20,Irina,Burmingham
e21,Husain,Iannuzzi
e22,Kippy,O'Scully
e23,Juditha,de Keep
e24,Matty,Tod
e25,Jobi,Wilkin
e26,Bamby,Ference
e27,Yvonne,Clamo
e28,Patricio,Filby
e29,Amabelle,Peppett
e30,Tedra,Emerton
e31,Codi,Mathe
e32,Drusie,Geely
e33,Ronnie,Sommerlin
e34,Joela,Lantaph
e35,Geno,Chimenti
e36,Titus,Sowrey
e37,Kendre,Hebble
e38,Tarah,Zarb
e39,Claudetta,Gullyes
e40,Bren,Michelotti
e41,Eugenius,Krienke
e42,Lenci,Abell
e43,Glennis,Garrit
e44,Elwyn,Parcell
e45,Bev,Nutty
e46,Zelma,Seeks
e47,Rachele,Yurtsev
e48,Elvis,Wickey
e49,Alick,Brewett
e50,Leoine,Derrett
e51,Rochester,Gandley
e52,Hadria,Impy
e53,Goldi,Perle
e54,Umberto,Quade
e55,Marijn,Farnell
e56,Becki,Paoletto
e57,Creight,Chauvey
e58,Beltran,Cheng
e59,Leah,Coronado
e60,Terence,Lebbon
e61,Raff,Rikkard
e62,Andriana,Abendroth
e63,Gerick,Bourcq
e64,Edmund,Hugo
e65,Deeanne,Petchell
e66,Benn,Mandel
e67,Toinette,Volke
e68,Clareta,Luparto
e69,Basile,O' Hern
e70,Anetta,Aleshintsev
e71,Ruthi,Palk
e72,Benedikt,Fasham
e73,Barri,Green
e74,Carrissa,Cristobal
e75,Dorelia,Champley
e76,Burnard,O'Leahy
e77,Robenia,Newbold
e78,Alejandrina,Primett
e79,Fanchon,Allpress
e80,Rafaello,Hefner
e81,Shaun,Ovanesian
e82,Frannie,Chamney
e83,Julio,Rablan
e84,Allan,Bantick
e85,Montgomery,Cotesford
e86,Ruby,Coolahan
e87,Ulrich,Ramelot
e88,Robinetta,O'Driscoll
e89,Jeramey,Klemencic
e90,Rooney,Duddan
e91,Todd,Bussel
e92,Neille,Olsson
e93,Liana,Bareford
e94,Basilio,Garner
e95,Clayborn,Appleford
e96,Dar,Gladstone
e97,Aeriela,Olivier
e98,Stanley,Longmate
e99,Davis,McOrkil
e100,Bride,Sebborn
e101,Pancho,Vasilkov
e102,Mauricio,Najara
e103,Rem,Nelsey
e104,Purcell,Kyffin
e105,Edgard,Folonin
e106,Hadlee,Roset
e107,Tito,Schwandermann
e108,Linea,Cassar
e109,Jennica,Goncaves
e110,Jodi,Osgar
e111,Wilone,Wylder
e112,Elladine,Braun
e113,Timmy,Yurocjhin
e114,Dorolisa,Laybourne
e115,George,Wards
e116,Virginie,Danihel
e117,Melanie,Coffelt
e118,Lorna,Dunthorne
e119,Maynard,Derobert
e120,Analiese,Hourihan
e121,Jemie,Moniker
e122,Cart,Pagel
e123,Randolf,Wallington
e124,Issy,Limming
e125,Korey,Fassum
e126,Randolph,Clulow
e127,Thaine,Gladdolph
e128,Rheta,Hurdle
e129,Adda,Gallant
e130,Linoel,Kellough
e131,Adolph,Tidbald
e132,Adena,Brighty
e133,Ilyse,Convery
e134,Engracia,Eydel
e135,Blanca,Kidson
e136,Lowell,Moland
e137,Mable,Turfrey
e138,Jade,Squibbes
e139,Christophe,Brayford
e140,Berta,Lear
e141,Marjie,Bryson
e142,Alberto,Durman
e143,Cello,Shirrell
e144,Hyman,Scamaden
e145,Harmonia,Gauntlett
e146,Vivyan,Tinkham
e147,Debi,Petruska
e148,Kendricks,Hamsson
e149,Benedetta,Cantrill
e150,Alma,Ragsdale
e151,Umeko,Torn
e152,Florry,Howitt
e153,Adriano,Chaffen
e154,Suzanna,Tithecott
e155,Tedda,Braizier
e156,Wallace,Skures
e157,Brynn,Eustace
e158,Essy,Shieldon
e159,Ahmad,Grindley
e160,Nalani,Karpinski
e161,Lawry,Defrain
e162,Aldis,Taber
e163,Oriana,Tamas
e164,Alverta,Allum
e165,Scarlet,Jouhandeau
e166,Marieann,Klamp
e167,Carolee,Mangam
e168,Yelena,Stangoe
e169,Jase,Blackshaw
e170,Freeman,Sowood
e171,Jeniece,Kingsland
e172,Thebault,Rising
e173,Giacomo,Medgwick
e174,Dar,Launder
e175,Catharine,Kegan
e176,Dal,Mayman
e177,Suzann,Creak
e178,Pacorro,Derill
e179,Hank,Tuxill
e180,Sammy,Bedboro
e181,Benni,Capewell
e182,Reed,Matuschek
e183,Artemas,Smallacombe
e184,Emmalynne,Vale
e185,Babara,Aimable
e186,Titus,Aspinall
e187,Reginauld,Kilfeather
e188,Cesya,Pasfield
e189,Cecilio,Houselee
e190,Cliff,Goldis
e191,Somerset,Coulling
e192,Zuzana,Cowthart
e193,Peder,Feaviour
e194,Osgood,Portingale
e195,Felicity,Leates
e196,Coleman,Aers
e197,Debor,Kurdani
e198,Trumaine,Ingles
e199,Terrence,Lettsom
e200,Lyndsay,Leaning
e201,Maureen,Rowlin
e202,Samuel,Stranieri
e203,Lucia,Cavalier
e204,Bonnibelle,Mullett
e205,Eli,Lalonde
e206,Artair,Denziloe
e207,Lesley,Gladdish
e208,Jerrine,Giacobilio
e209,Blondell,Schubert
e210,Alejandra,Wilshire
e211,Dollie,Coward
e212,Katheryn,Lauritsen
e213,Jeno,Scotson
e214,Odetta,Winborn
e215,Dosi,Bugdall
e216,Jacob,Skpsey
e217,Darn,Greenrde
e218,Aubrie,Domotor
e219,Hedvige,Edlin
e220,Mile,Chelam
e221,Westbrooke,Dymond
e222,Reube,Peyton
e223,Damian,Station
e224,Dusty,Partington
e225,Fons,Mullan
e226,August,Kroon
e227,Ranee,Bubbear
e228,Fulvia,Marrian
e229,Sharon,Bonnaire
e230,Julianne,Larkings
e231,Kelcy,Tither
e232,Hayward,Owenson
e233,Hansiain,Rameaux
e234,Bridgette,Smullen
e235,Terrance,Grafhom
e236,Ema,Stepney
e237,Artie,Lardnar
e238,Daveen,Bantham
e239,Lisa,Pakes
e240,Evania,Keeble
e241,Sindee,Alltimes
e242,Merrie,Stobart
e243,Hagan,Petley
e244,Chrystal,Chaperling
e245,Cindra,Umney
e246,Hynda,Dumpleton
e247,Sharai,Ebbotts
e248,Chicky,Iacovides
e249,Jamesy,Pennington
e250,Joey,Cultcheth
e251,Naoma,Swaby
e252,Carlye,Costar
e253,Lanny,Lobe
e254,Urbain,Degue
e255,Calhoun,Dodwell
e256,Lorelle,Cicchelli
e257,Zack,Cubbin
e258,Carol-jean,Begwell
e259,Enrique,Goldsby
e260,Jordana,Steuhlmeyer
e261,Crawford,Haydock
e262,Natal,MacKain
e263,Morse,Olfert
e264,Bay,Brome
e265,Poppy,Cronchey
e266,Stafani,Prosch
e267,Mannie,Gotter
e268,Jerrie,O'Keenan
e269,Aurelia,Galler
e270,Kalina,Burnhill
e271,Joelle,Offen
e272,Derrek,Milliere
e273,Sigvard,Fawloe
e274,Teddy,Stille
e275,Normie,Stansfield
e276,Zared,Elvy
e277,Jameson,Flatte
e278,Lindsay,Pavie
e279,Kalinda,Spittal
e280,Filmer,Whitmell
e281,Reinold,Took
e282,Aimil,Feye
e283,Winona,Dearan
e284,Bruce,Stollenbecker
e285,Royce,Plenderleith
e286,Ginelle,Corteis
e287,Dori,Waby
e288,Arturo,Betteriss
e289,Marilee,Shiers
e290,Rudy,Gorman
e291,Leonie,M'Quharg
e292,Humberto,Yeldham
e293,Maddalena,Brocking
e294,Garvy,Yablsley
e295,Marshall,Monk
e296,Ferdinand,Kinsett
e297,Rochette,Bowton
e298,Sophie,Waring
e299,Walther,Gairdner
e300,Lindi,Jacobbe
e301,Rodrigo,Nelane
e302,Isabelita,Beining
e303,Costanza,Paulet
e304,Trista,Heisman
e305,Clemmy,Hauch
e306,Allistir,Mapes
e307,Wilona,Dumpleton
e308,Scotti,Bakes
e309,Denny,Powles
e310,Jania,Frise
e311,Samuel,Greetland
e312,Annadiane,Dumberrill
e313,Godiva,Blagburn
e314,Worden,Pledger
e315,Kaye,Boarleyson
e316,Florry,Wagen
e317,Miltie,Kirtley
e318,Katrinka,Darrow
e319,Reinhard,Deighan
e320,Enid,Barwell
e321,Isador,Morgen
e322,Samuel,Hughman
e323,Nicolina,Vellender
e324,Philly,Magne
e325,Guthrie,Ransom
e326,Townsend,Pollington
e327,Esdras,Eyckel
e328,Elnora,Barbe
e329,Kip,McConachie
e330,Cooper,Liell
e331,Euell,Hitcham
e332,Simone,Gealy
e333,Kasper,Adkin
e334,Catherine,Aimer
e335,Bryn,Mityakov
e336,Constantina,Reville
e337,Hewe,Sreenan
e338,Bendix,Robben
e339,Grayce,Andrioletti
e340,Phyllys,Tuohy
e341,Darren,Herries
e342,Karrah,Yitzhok
e343,Herminia,Onraet
e344,Hewett,Kohtler
e345,Bessy,Trumper
e346,Maurizia,Caveill
e347,Tilly,Bonwick
e348,Etty,Rimell
e349,Beverlie,Kuzma
e350,Shana,McCourtie
e351,Florette,Gettens
e352,Enrique,Autie
e353,Allen,Luxon
e354,Papagena,Beville
e355,Magdaia,Tossell
e356,Weider,Beetham
e357,Thom,Folland
e358,Etta,Thewless
e359,Rosabella,Bigglestone
e360,Consolata,Skettles
e361,Francois,Buckingham
e362,Kayley,Spyvye
e363,Lilia,Tsar
e364,Rasia,Faux
e365,Ruperto,Penreth
e366,Horace,Krebs
e367,Retha,Bartolomucci
e368,Adeline,Annes
e369,Helaina,Teanby
e370,Connor,Batter
e371,Phyllida,Pendock
e372,Beitris,Iley
e373,Eryn,Sansun
e374,Giulietta,Kynman
e375,Twyla,Androlli
e376,Marcellus,Maywood
e377,Zahara,Cufflin
e378,Ferd,Hedan
e379,Malcolm,Blacksell
e380,Oralla,Geraud
e381,Olga,Juggings
e382,Candie,Lampitt
e383,Ros,Jakubski
e384,Zandra,Dartan
e385,Ichabod,Pude
e386,Bard,Matusov
e387,Ives,Axston
e388,Coletta,Burridge
e389,Julianna,Ramsay
e390,Sarina,Figin
e391,Bruce,MacKim
e392,Stormi,Fell
e393,Gene,Scholtis
e394,Siward,Deschlein
e395,Garik,Firby
e396,Caron,Liddon
e397,Minnie,Godridge
e398,Candy,Westrip
e399,Neel,Lent
e400,Sergent,Wetherald
e401,Anton,Dan
e402,Karon,Fortune
e403,Blancha,Girodin
e404,Phyllis,Bassford
e405,Thorin,Dagworthy
e406,Cchaddie,Wyldes
e407,Alonzo,Tunnoch
e408,Briant,Rappa
e409,Linnie,Matteau
e410,Dominic,Meharg
e411,Hyacinthe,Boobier
e412,Roman,Medwell
e413,Tarra,McDyer
e414,Roy,Phippen
e415,Yancy,Haggish
e416,Tildi,Goldsby
e417,Aurelea,Gristwood
e418,Carley,Hazlegrove
e419,Wally,Clarricoates
e420,Donaugh,Corker
e421,Ilyssa,Myall
e422,Dov,Cardello
e423,Aryn,Parrett
e424,Daryn,Celez
e425,Meriel,Wilman
e426,Jo-ann,Burnhard
e427,Boony,Junifer
e428,Eb,Coltart
e429,Vally,Hebditch
e430,Nell,Greenmon
e431,Fancie,Duxbury
e432,Leia,Tanslie
e433,Petunia,Muro
e434,Aryn,Gann
e435,Giusto,Trobey
e436,Romeo,Hryskiewicz
e437,Prisca,Laight
e438,Darb,Assard
e439,Annie,Staddart
e440,Amandie,Berry
e441,Alejoa,D'Aguanno
e442,Devonne,Gilburt
e443,Rurik,Egiloff
e444,Garret,Broadbear
e445,Rupert,Dimmock
e446,Faustine,Duffyn
e447,Cherilyn,Casetta
e448,Georgiana,Brunon
e449,Millicent,Guynemer
e450,Marielle,Pien
e451,Roana,Ransome
e452,Charla,Proback
e453,Joceline,Rollings
e454,Berthe,Wasmer
e455,Barry,Hyman
e456,Armand,Gaywood
e457,Curry,Kennon
e458,Arleta,Howorth
e459,Halimeda,Ondrus
e460,Judy,Steers
e461,Valina,Fretson
e462,Mirelle,MacAndie
e463,Karina,Tytcomb
e464,Micah,Gammage
e465,Nicoli,Jouanet
e466,Gilberto,Thoresby
e467,Elyse,Brisset
e468,Quinn,Crombie
e469,Tiler,Berriball
e470,Wendy,Lindblom
e471,Amalita,Accum
e472,Douglass,Semper
e473,Lexie,McLeary
e474,Danny,Boosey
e475,Ines,MacGorman
e476,Renae,Sharville
e477,Barbabra,Larmouth
e478,Mano,Saltman
e479,Wilmette,Fieldgate
e480,Oswald,Simner
e481,Brigit,O'Fogarty
e482,Jermaine,Bramo
e483,Lefty,Yetman
e484,Lothario,Payze
e485,Delly,Maliphant
e486,Larine,Cossington
e487,Hermine,Sennett
e488,Gun,Mardall
e489,Dory,Le Conte
e490,Devland,Leaning
e491,Sherrie,Valencia
e492,Aristotle,Mellonby
e493,Kellina,Coatman
e494,Rudolf,Feirn
e495,Vitia,Jarad
e496,Florentia,Charrett
e497,Winny,Brayn
e498,Kearney,Guisler
e499,Kirstyn,Ager
e500,Ingrim,Pexton
e501,Barty,Dureden
e502,Gaston,Dewan
e503,Melany,Paule
e504,Rickert,Dibson
e505,Hodge,Grishanin
e506,Helga,Dunaway
e507,Levin,Playford
e508,Selig,Delagnes
e509,Jeff,Egentan
e510,Der,Bartelet
e511,Lilia,Goulborne
e512,Avis,Coppledike
e513,Anderea,Tallon
e514,Jeanelle,Fanning
e515,Abigail,Pristnor
e516,Darsey,Abramski
e517,Jannel,Thornhill
e518,Farand,Docker
e519,Lorens,McConnulty
e520,Franz,Marion
e521,Graehme,Packington
e522,Demetra,Schurcke
e523,Hynda,Cullity
e524,Sibylle,Abbis
e525,Jo,Chillcot
e526,Nike,Ivimy
e527,Bibi,Evans
e528,Glendon,Asbury
e529,Shirl,Collocott
e530,Charmaine,Binnes
e531,Isabella,Baser
e532,Clary,Evennett
e533,Veradis,Curwen
e534,Tresa,Barttrum
e535,Ursa,Bilney
e536,Flossie,Goult
e537,Irvin,Bene
e538,Pieter,Spurman
e539,Camel,Olijve
e540,Dolly,Walklott
e541,Maryrose,Dooman
e542,Wilfrid,Fernandez
e543,Wynn,Ruselin
e544,Patric,Stitwell
e545,Kiri,Ingleson
e546,Caye,Curnok
e547,Sidnee,McAleese
e548,Marylynne,Reynolds
e549,Gradeigh,Shambroke
e550,Moira,Wherry
e551,Stacey,Westfield
e552,Lamont,Burchatt
e553,Yankee,Whitmore
e554,Celinda,Bulbrook
e555,Maris,Drew
e556,Arleen,Donet
e557,Felice,Cleve
e558,Elisha,Pelchat
e559,Isabelita,Attwoull
e560,Donal,Rakestraw
e561,Bobbi,Ledward
e562,Fredelia,Witson
e563,Camila,Karlmann
e564,Sig,Mold
e565,Clyde,Blint
e566,Ford,Bohman
e567,Dreddy,Cooksey
e568,Thekla,Riche
e569,Martino,Cadd
e570,Case,Oliffe
e571,Lowe,Shevill
e572,Adara,Seres
e573,Brannon,Goodbar
e574,Caresse,Rossander
e575,Vivianna,Bushel
e576,Fianna,Atlee
e577,Mark,Roux
e578,Kennan,Woodford
e579,Rawley,Franciskiewicz
e580,Hedi,Dows
e581,Benjamin,Rowbottam
e582,Skell,Vellden
e583,Seka,Hollerin
e584,Vidovic,Keiling
e585,Filberto,Lukock
e586,Valle,Brundall
e587,Clem,Spuner
e588,Herculie,Janssen
e589,Skippy,Broster
e590,Priscella,Shackle
e591,Angelina,Richardsson
e592,Jerrilyn,Rangeley
e593,Minna,McMechan
e594,Rosella,Shoppee
e595,Herbert,Bevis
e596,Zea,Marians
e597,Broderick,Yanshonok
e598,Herby,Driffill
e599,Moises,Titherington
e600,Tori,Boig
e601,Mellicent,Lintot
e602,Katina,Malin
e603,Tony,Diggles
e604,Georgie,Schwandt
e605,Rickard,Cluett
e606,Gonzales,McGilben
e607,Karlotta,Askham
e608,Wittie,Perchard
e609,Goddart,Tunnicliff
e610,Letisha,Naylor
e611,Burt,Alexsandrev
e612,Cherin,Ouchterlony
e613,Dell,Hurren
e614,Benedicto,Langstone
e615,Rice,Crissil
e616,Cyb,Lacey
e617,Ingram,des Remedios
e618,Bettye,Yashin
e619,Simon,Leavry
e620,Gilly,Seivertsen
e621,Tarrah,Floyde
e622,Lira,Sanson
e623,Cissy,Mynett
e624,Idalina,Boleyn
e625,Beatrix,Champness
e626,Lavena,Sallnow
e627,Dwain,Bindon
e628,Marika,Wildash
e629,Chadwick,Sherington
e630,Milena,Townson
e631,Daloris,Casini
e632,Galina,Copping
e633,Garnette,Smithson
e634,Dusty,McGreay
e635,Hakeem,Grabham
e636,Michael,Congdon
e637,Greg,Pulhoster
e638,Niven,Ledrane
e639,Angelia,Hartzogs
e640,Amii,Bullcock
e641,Christye,Byrkmyr
e642,Bruce,Morrice
e643,Cherri,Ernke
e644,Pebrook,Titterell
e645,Ezmeralda,Venner
e646,Carson,Bebbington
e647,Sim,Caine
e648,Halimeda,Teffrey
e649,Jordan,Foxcroft
e650,Salli,Yukhnini
e651,Kath,Cisneros
e652,Tonia,Wyldes
e653,Lia,Eye
e654,Gloriana,Hambrook
e655,Janith,Stenhouse
e656,Alexina,McGawn
e657,Philbert,Millyard
e658,Egon,Coneley
e659,Royall,Greaterex
e660,Alanah,Gelletly
e661,Janice,Popland
e662,Torrin,Dugget
e663,Chiquia,Keough
e664,Debora,Camilletti
e665,Cinda,Thairs
e666,Terri,Leggott
e667,Felix,Nelle
e668,Demetra,Coultard
e669,Shirlee,Weiner
e670,Felix,Yakubovich
e671,Sanders,Cotherill
e672,Wilfred,Piddle
e673,Kandace,Waplington
e674,Leslie,McCooke
e675,Helenka,Dumingos
e676,Shellysheldon,Mughal
e677,Derek,Inston
e678,Jeffy,O'Grady
e679,Donnell,Calltone
e680,Livia,Wordington
e681,Cele,Queyeiro
e682,Der,McCague
e683,Tirrell,Seyers
e684,Giraldo,Ollerenshaw
e685,Korrie,Tight
e686,Karel,Maytom
e687,Kaine,Ebbrell
e688,Abba,Betchley
e689,Hildagard,Sallarie
e690,Ky,Klaussen
e691,Danita,Andreopolos
e692,Claiborne,Goold
e693,Bertrand,Ormond
e694,Vivi,Aronin
e695,Eustace,Flade
e696,Haily,Whitwam
e697,Ileana,Abramcik
e698,Bird,Olyunin
e699,Marice,Sandels
e700,Rosabella,Duchart
e701,Jenica,L'Episcopi
e702,Egan,Crossan
e703,Katti,McAusland
e704,Vita,Condliffe
e705,Marin,Moses
e706,Josi,Mouncey
e707,Marianne,Ben
e708,Pattie,Dubique
e709,Georgeanne,Storer
e710,Grange,Segrave
e711,Rodge,Manthorpe
e712,Tracey,Vasser
e713,Dorey,Elsdon
e714,Peadar,Sproul
e715,Eberto,Yerrill
e716,Nil,Dingwall
e717,Rafa,Tabary
e718,Heida,Dumbleton
e719,Chadwick,Rysdale
e720,Gelya,Uc
e721,Geoffry,Grassot
e722,Hailee,Cornall
e723,Abagael,Gozzett
e724,Roy,Stanlake
e725,Lanie,Pealing
e726,Cherri,Uzzell
e727,Rubie,Ebbs
e728,Marijn,Stell
e729,Kingsley,Lenahan
e730,Jeanie,Apperley
e731,Giselle,Mollison
e732,Nolie,Rathborne
e733,Pren,Gath
e734,Charyl,Buesnel
e735,Loralyn,Biset
e736,Livy,Gaishson
e737,Rad,Casse
e738,Tait,MacGinlay
e739,Leonard,Motion
e740,Prent,Labdon
e741,Minetta,Simounet
e742,Nadia,Ox
e743,Deonne,Whitcomb
e744,Delora,Dorber
e745,Emmalynne,Koppe
e746,Carmine,Bernardt
e747,Daniel,Bovingdon
e748,Honey,Mazdon
e749,Whitby,Carlesso
e750,Reinhard,Abbey
e751,Anne-marie,Kersley
e752,Bronnie,Stanworth
e753,Devina,Warrick
e754,Erik,Look
e755,Tamra,Scallon
e756,Bennett,Dust
e757,Loraine,Ravenscroft
e758,Irvine,Helstrip
e759,Marrissa,Pencott
e760,Ignacio,Walsh
e761,Sara,Williams
e762,Brianna,Henzer
e763,Kizzie,Keyworth
e764,Leslie,Cankett
e765,Jervis,Corrison
e766,Gill,Beteriss
e767,Cos,Marlor
e768,Marian,Roscoe
e769,Danella,Torrans
e770,Borden,Abeau
e771,Pammie,Pascall
e772,Ashley,Rainey
e773,Bridie,Butland
e774,Alethea,Hynes
e775,Fons,Lammers
e776,Matteo,Bumphries
e777,Huntlee,Wollers
e778,Linda,Schaffler
e779,Kev,Currao
e780,Lilas,Ghidoni
e781,Mabel,Milmith
e782,Quinta,Bodycombe
e783,Rochelle,Blaw
e784,Olly,Lippett
e785,Lizzy,Avrashin
e786,Saleem,Whitebread
e787,Paquito,Hellmer
e788,Silva,Nash
e789,Dewey,Frangello
e790,Laural,Gouinlock
e791,Dulcie,Doding
e792,Rori,Ivanuschka
e793,Nester,Newlands
e794,Katti,Sawrey
e795,Ina,Darrigrand
e796,Cheri,Petican
e797,Tonia,Connechie
e798,Hubie,Denziloe
e799,Alanson,Sawfoot
e800,Candy,Treharne
e801,Andria,Gotling
e802,Leoline,Safont
e803,Hastings,Perdue
e804,Mayer,Deeny
e805,Jourdain,Reboulet
e806,Claire,Craske
e807,Edmon,Beeke
e808,Rodge,Littlemore
e809,Gizela,McGhie
e810,Maximilien,Guinane
e811,Nichols,Calkin
e812,Roland,Supple
e813,Nessi,Skim
e814,Ave,Pudan
e815,Blondelle,Abby
e816,Hendrick,Mussett
e817,Kennie,O'Crigane
e818,Muire,Jeayes
e819,Clarita,Berrigan
e820,Merlina,Welbelove
e821,Urson,Cadd
e822,Farrand,Copestake
e823,Pat,Mobley
e824,Rafa,Haversham
e825,Hubie,Gibbon
e826,Bonny,Crooke
e827,Moishe,Margarson
e828,Kathy,Clilverd
e829,Arly,Maginn
e830,Bliss,Callacher
e831,Maiga,Crosfeld
e832,Marthe,Heminsley
e833,Vinnie,Pawel
e834,Seward,Ivankov
e835,Mela,Gutridge
e836,Fenelia,Musker
e837,Cliff,O'Geneay
e838,Terencio,Glisane
e839,Stacee,Greatbanks
e840,Neal,Chartman
e841,Gillian,Wolters
e842,Norry,Darwen
e843,Kean,Burgill
e844,Malinda,Bramsen
e845,Philly,Truett
e846,Hyacinth,Kehri
e847,Charley,Cornillot
e848,Neill,Bhatia
e849,Katina,Ivantsov
e850,Carmel,Matushevitz
e851,Pavel,Glendinning
e852,Perri,Winpenny
e853,Mignon,Van der Kruis
e854,Amby,Yitzowitz
e855,Augie,Hubert
e856,Selina,Mullaly
e857,Stanly,Skamell
e858,Mil,Studeart
e859,Parnell,Frankton
e860,Brandais,Farndon
e861,Ricardo,Dickings
e862,Blinni,Boast
e863,Norma,Instock
e864,Twila,Dumphries
e865,Gipsy,Wherry
e866,Minnnie,Trumpeter
e867,Marmaduke,Westby
e868,Amabel,Simmins
e869,Kiri,Siseland
e870,Mason,Whitters
e871,Mari,Rosling
e872,Jobye,Bradick
e873,Paige,Gerring
e874,Bevvy,Dulany
e875,Merci,Losselyong
e876,Lanna,Klicher
e877,Lindsey,Lyne
e878,Rois,Cino
e879,Lura,Lewsam
e880,Emily,Hethron
e881,Georgie,Benford
e882,Carline,Bonifacio
e883,Clement,Antonietti
e884,Jonis,Puxley
e885,Irwin,Greatland
e886,Mariana,Lindelof
e887,Fayre,Tadd
e888,Dani,Koopman
e889,Gretta,Bartolomeotti
e890,Dedie,Bambury
e891,Krystle,Mundwell
e892,Whitman,Dee
e893,Lothaire,Custance
e894,Rockey,Buckler
e895,Gabriela,Boddy
e896,Cass,Linfitt
e897,Arlie,Blackater
e898,Moria,Quesne
e899,Alane,Scamerden
e900,Bonnie,Callaghan
e901,Kania,Kunath
e902,Meggie,Schulke
e903,Corry,Rabbitts
e904,Rivkah,Creber
e905,Inness,Duckinfield
e906,Demetre,Chidgey
e907,Dew,Oldaker
e908,Babbette,McQuode
e909,Inna,Royston
e910,Nahum,Cruden
e911,Mira,McGregor
e912,Jeffry,Feander
e913,Tammie,Blazej
e914,Garey,McMoyer
e915,Jan,Crier
e916,Freemon,Shieldon
e917,Angelico,Hards
e918,Isador,Tustin
e919,Siegfried,Mont
e920,Ichabod,Delph
e921,Helena,Northin
e922,Bettine,Pringley
e923,Nathanial,Crangle
e924,Myra,Muncer
e925,Inger,Allardyce
e926,Joelie,Wilby
e927,Erda,McCrohon
e928,Velma,Briskey
e929,Loydie,De Matteis
e930,Maybelle,Currington
e931,Portia,Stockoe
e932,Hughie,Scanderet
e933,Lenora,Bariball
e934,Nikkie,Kinnach
e935,Benji,Atwell
e936,Verile,Charlesworth
e937,Matti,Southcott
e938,Ermina,Presser
e939,Dino,Mayell
e940,Rachelle,Brucker
e941,Clarie,Eslinger
e942,Ronald,Shegog
e943,Sheryl,Huggins
e944,Salomon,Cunde
e945,Janel,Chuney
e946,Jervis,Boundy
e947,Garrot,Teaze
e948,Elmo,Duinkerk
e949,Roland,Hunton
e950,Lisbeth,Chesser
e951,Bethany,Leele
e952,Lauren,Heffernon
e953,Terri,Grendon
e954,Tessie,Le Huquet
e955,Alika,Winterton
e956,Adelbert,Embury
e957,Vincent,Eldered
e958,Ingaborg,McCartney
e959,Joannes,Ealden
e960,Neala,Jude
e961,Gianna,O'Corren
e962,Vivie,Romanini
e963,Stevana,Gallahue
e964,Elnar,Schutze
e965,Wini,Darkott
e966,Erhard,Levington
e967,Lura,Lamplough
e968,Arabele,Stuke
e969,Gilli,Blaes
e970,Felicio,Mandal
e971,Nicolle,Seydlitz
e972,Florella,Happs
e973,Boot,Nissle
e974,Morrie,Rosenhaus
e975,Darell,Caulcutt
e976,Melinde,Sheahan
e977,Marylin,O'Hagerty
e978,Verne,Daglish
e979,Perla,Javes
e980,Tremain,Farherty
e981,Shawn,Lerer
e982,Shoshanna,Gabbott
e983,Lurette,Brougham
e984,Bathsheba,Bicknell
e985,Page,Gully
e986,Rosy,Stinchcombe
e987,Magdalen,Brauner
e988,Chandler,Kingswood
e989,Katalin,Matteuzzi
e990,Evania,Whitrod
e991,Knox,Cogman
e992,Lilli,Bromidge
e993,Mignonne,Creany
e994,Forester,Bohje
e995,Tallia,Boddice
e996,Sandi,Passy
e997,Jacenta,Guitton
e998,Noami,Cutts
e999,Elberta,Vlach
e1000,Calvin,Roggers
